Date,SPY_return,SPY_volatility,^VIX_return,^VIX_volatility,XLF_return,XLF_volatility,XLK_return,XLK_volatility,XLE_return,XLE_volatility,XLV_return,XLV_volatility,XLI_return,XLI_volatility,XLY_return,XLY_volatility,XLP_return,XLP_volatility,XLU_return,XLU_volatility,XLRE_return,XLRE_volatility
2022-11-18 00:00:00-05:00,-0.012763501872617766,0.0061471855344413405,,,-0.010352770662105937,0.0077182424594037895,-0.021555945356313666,0.008609320449767617,-0.019475819798167482,0.011310871309095636,0.0035047453890206803,0.007251435762421185,-0.005500608817588293,0.007385844804632779,-0.035504141959097346,0.008830570386615496,0.01110208863689266,0.0054842455630189245,0.012797986279310392,0.01977950663681565,-0.005489103277290575,0.012043991506470158
2022-11-18 01:00:00-05:00,,,-0.02734537677797866,0.013315035551897388,,,,,,,,,,,,,,,,,,
2022-11-25 00:00:00-05:00,0.019486069606644785,0.0075471477874477985,,,0.022366951226023613,0.0033339133782907043,0.017207379354529317,0.013766823548062565,0.02487735635182431,0.020750009844674518,0.021297182260638703,0.0034673512709912234,0.021375419428923514,0.002068716648211708,0.017332730185126266,0.013051363549860287,0.019112378536123797,0.003947342206403679,0.032004651403315654,0.002969682277555307,0.021375294854778293,0.0023894506227693305
2022-11-25 01:00:00-05:00,,,-0.14760912056870557,0.025313433588806677,,,,,,,,,,,,,,,,,,
2022-12-02 00:00:00-05:00,0.019594471914339717,0.017487465772954534,,,0.0005568026649453994,0.012971486211917972,0.024755601199313082,0.02769473696314764,0.007699476914186931,0.015783019549649783,0.02230690443394323,0.01196229795187947,0.014675158953964873,0.012748960364487003,0.02890191495856964,0.01677444806796026,0.016059068866088433,0.010519719913428522,0.008232859668844128,0.014203622162822425,0.010370888806551237,0.020258756801348057
2022-12-02 01:00:00-05:00,,,-0.13716616866073383,0.056372468057762096,,,,,,,,,,,,,,,,,,
2022-12-09 00:00:00-05:00,-0.026414263077638056,0.010292742585299205,,,-0.0316880800906445,0.01006766386526545,-0.025387415770210975,0.014572550902729839,-0.09342099313630525,0.012968607704742882,-0.0064801608561335655,0.010369502621747122,-0.022978249340076418,0.008906052877753973,-0.03187059767075684,0.014281841991017303,-0.006154980047160641,0.007837061276128226,0.004823792260419069,0.006322083263704916,-0.0080289423060258,0.009329758561217785
2022-12-09 01:00:00-05:00,,,0.12463058038084207,0.04169210186100483,,,,,,,,,,,,,,,,,,
2022-12-16 00:00:00-05:00,-0.02303911098767375,0.015478268939455517,,,-0.024602077062593097,0.012949927574048945,-0.027760777730342356,0.023091926031882228,0.014552051310960268,0.017234628466574618,-0.018396524406310122,0.012365996533121808,-0.012084826847596819,0.014973815077380043,-0.037588019996362965,0.009488365900049756,-0.015388795643259345,0.009876251535129195,-0.010251246894915633,0.015543332811928424,-0.021909499854549153,0.01979667972798
2022-12-16 01:00:00-05:00,,,-0.07295077078382728,0.08517376488192913,,,,,,,,,,,,,,,,,,
2022-12-23 00:00:00-05:00,-0.0014602446723778195,0.011552916465468913,,,0.016467179585670788,0.009167521311477354,-0.01990091191725496,0.01593560912145678,0.031761138037074366,0.021033787812399396,0.008671494848933481,0.006623909135396792,0.010475407390101,0.011911364104936647,-0.030632031563996964,0.017080999362418504,0.011707713370844974,0.005158558131599013,0.019554246672015996,0.008812490356727343,0.002162302057363119,0.009377459909584053
2022-12-23 01:00:00-05:00,,,-0.07777279658871994,0.0643867110454512,,,,,,,,,,,,,,,,,,
2022-12-30 00:00:00-05:00,-0.0009403833798812267,0.01291886370582852,,,0.005290841219064646,0.008139520659817606,0.0021744625327824174,0.018593765795153535,0.0003430437263529651,0.015899998793095598,-0.003740112477115143,0.007737105667314236,-0.003348881680305227,0.010753295868309786,0.002561543146555323,0.018285726259860257,-0.009697121352940097,0.008232521704689605,-0.008020202190023862,0.009392756319370825,-0.004582200853144314,0.016610450954801476
2022-12-30 01:00:00-05:00,,,0.0,0.029671735779243626,,,,,,,,,,,,,,,,,,
2023-01-06 00:00:00-05:00,0.009652139653904435,0.015022216564535144,,,0.02699570495268766,0.013230479521580758,-0.008268993280796555,0.021053781628598462,0.007362814071905088,0.0253224656448117,-0.0021332561330554833,0.008261352393504517,0.021563129922851143,0.01590221443692178,0.016470305824286102,0.015854160688032203,0.015953907099678588,0.016046916015925932,0.0042429957694354314,0.017714376313974056,0.017459204852157573,0.026243542355478107
2023-01-06 01:00:00-05:00,,,-0.08488527409566149,0.05337868104730969,,,,,,,,,,,,,,,,,,
2023-01-13 00:00:00-05:00,0.020826454305445052,0.004901834366916374,,,0.017464745982602503,0.0051575275978443195,0.03686947256069928,0.005579378983685058,0.012038574149453085,0.008522000573328782,-0.0026509017626806797,0.010147023861675436,0.012850872105627298,0.0057239222757356125,0.045111267230790064,0.00963663494742245,-0.013072894014462766,0.005995384011506681,0.0047894771168794925,0.006452375608051044,0.0394112054993232,0.01657341698541956
2023-01-13 01:00:00-05:00,,,-0.15632182154162177,0.06098774654014352,,,,,,,,,,,,,,,,,,
2023-01-20 00:00:00-05:00,-0.006524727200896474,0.014638079229728316,,,-0.018873252420529063,0.014903076618202286,0.007904235527280923,0.0186424179653756,0.003549428834764168,0.0139428232991075,-0.010858442068288343,0.008550996610490691,-0.03330078221050703,0.015861981101700822,-0.00806512662171277,0.0185105371060034,-0.02992254743256295,0.015212679362712488,-0.030120437420969037,0.012875280411148588,-0.009095614734336954,0.01123143767845373
2023-01-20 01:00:00-05:00,,,-0.0020110110309771168,0.04107326717777942,,,,,,,,,,,,,,,,,,
2023-01-27 00:00:00-05:00,0.022585152657115692,0.00613205200040283,,,0.024589892256867252,0.004906853978185752,0.03662706245210812,0.010829574645832571,0.000987593264760056,0.01874393808976644,-0.008433333079591598,0.004829973462947592,0.018529643622417602,0.006074591354293447,0.061284167825638836,0.010214249194296761,0.001374259553259094,0.0035938856420888784,-0.0014494488988527898,0.007325032353285247,0.028025244298476526,0.004342452602779296
2023-01-27 01:00:00-05:00,,,-0.0841167210589796,0.011285941350745126,,,,,,,,,,,,,,,,,,
2023-02-03 00:00:00-05:00,0.023709233750201175,0.013743899626877054,,,0.014697806771979405,0.007114967947448344,0.04913765841586071,0.02030135494188817,-0.05089978880245061,0.014365654853315446,0.0006034373574608232,0.009015010336462768,0.023281178080413856,0.010803310630195594,0.03113527861388432,0.027109432578323392,0.00948966102223503,0.00807981347244746,-0.010635149514795827,0.010962902020618594,0.023232672593570314,0.019032507840527135
2023-02-03 01:00:00-05:00,,,-0.07236843565850004,0.06263592288478831,,,,,,,,,,,,,,,,,,
2023-02-10 00:00:00-05:00,-0.004270505950493497,0.009840455263644864,,,0.00302372091417924,0.008675651070251582,0.0012840277894492491,0.015433206688089939,0.04846568200963097,0.023828039956948422,-7.551708384367917e-05,0.007855692600269209,-0.0020517925076404264,0.0065049243358887,-0.01744262875673286,0.005721123815258384,-0.004230137574831039,0.006641920810055849,0.000739059106550366,0.01529889828223901,-0.00643883789515709,0.004328554131536616
2023-02-10 01:00:00-05:00,,,0.06760276522908315,0.04516365382920886,,,,,,,,,,,,,,,,,,
2023-02-17 00:00:00-05:00,-0.0035720538254845335,0.009270585877328286,,,-0.0021937449596023395,0.008110235638316098,-0.00787599805150907,0.014092687627734135,-0.058607327796304176,0.014355390744626278,-0.003924142437289557,0.008742796713584093,0.006742433120765501,0.008114466563877617,0.01640336023631983,0.015131344688548994,0.00669486888174764,0.010188195604060228,0.010924187839349564,0.007822997308586987,-0.016389315579838026,0.00834088663831475
2023-02-17 01:00:00-05:00,,,-0.07571557715612731,0.06642087131243359,,,,,,,,,,,,,,,,,,
2023-02-24 00:00:00-05:00,-0.016573309921490087,0.011062864179279128,,,-0.011641137075698471,0.01043969003844756,-0.01348296906988733,0.01810799938868527,0.006419785124347488,0.009953992484968432,-0.019232158729599158,0.007679652012298239,-0.019068963329355815,0.011701910432378592,-0.030070052464349906,0.01719142083076999,-0.009130631161964553,0.0025370027084414748,-0.020153011896668405,0.008223256751872443,-0.03223361021358284,0.013553169978602257
2023-02-24 01:00:00-05:00,,,-0.0059632644640463806,0.08593173792241011,,,,,,,,,,,,,,,,,,
2023-03-03 00:00:00-05:00,0.010803300925994685,0.008368623809036444,,,-8.896579817285755e-08,0.00822092227112846,0.019496456940032214,0.01146046859063231,0.02864555611108166,0.013014995193546444,-0.0003096307700398704,0.007491596845744592,0.021178011251344442,0.0058114172111657526,0.005636322960398843,0.013467873120890528,-0.007117249884717292,0.008820249998109096,-0.010307814157012207,0.017804845467811303,0.0020687439185100853,0.012634881213106247
2023-03-03 01:00:00-05:00,,,-0.15916325768210904,0.021959224501497197,,,,,,,,,,,,,,,,,,
2023-03-10 00:00:00-05:00,-0.04725338147184044,0.009561281378771084,,,-0.08553175022756854,0.01681166130194848,-0.037365377140484046,0.011879775203502016,-0.04782220537047022,0.006815589120191445,-0.03953265612634993,0.005797626060171093,-0.04569107631569891,0.008955565297790704,-0.05781286259960172,0.008223538235474701,-0.01700273988663925,0.005905483937084998,-0.02820939052155047,0.011277351327140812,-0.07340861403633059,0.018797864518067753
2023-03-10 01:00:00-05:00,,,0.30183728242958385,0.08145468933264832,,,,,,,,,,,,,,,,,,
2023-03-17 00:00:00-04:00,0.02532256164965041,0.013376335944877209,,,-0.024559308829400273,0.029081421755973735,0.06329687226074077,0.013505090599186849,-0.04408844146104829,0.026491904167821538,0.01705043494015679,0.009773316952472013,-0.01347085738631515,0.016406219039696242,0.0380433615961242,0.013035435470959249,0.015061752111317661,0.006421501559265475,0.040876770072844515,0.010291846328224098,0.01003614714413903,0.014899519196617493
2023-03-17 01:00:00-04:00,,,0.06070690387263955,0.11415735078327784,,,,,,,,,,,,,,,,,,
2023-03-24 00:00:00-04:00,0.012666259246978617,0.011843151457268329,,,-0.00257487529140199,0.01830880209626816,0.021485058028426707,0.009557420430543712,0.023521817619011065,0.023180668752157216,0.013696479227340186,0.011967357082081876,0.002068196217582141,0.013156354116708114,0.00596839740528643,0.017918057131876726,0.01290947094233963,0.011453076629015312,-0.013367297561015623,0.021853193852518986,-0.01525240861509125,0.02318841140095668
2023-03-24 01:00:00-04:00,,,-0.21714082057062756,0.06112231793966825,,,,,,,,,,,,,,,,,,
2023-03-31 00:00:00-04:00,0.02830804981210222,0.007416825575673924,,,0.01998724754627368,0.00804817271791244,0.03304144679149812,0.012483667513007309,0.0523439526123719,0.006799826632346445,0.009828473629237333,0.006061987431306175,0.035725221053730216,0.0052716023920111625,0.04617312635006354,0.011667926622345497,0.020349669584944552,0.002487323729180352,0.027318314128342847,0.00527198271209464,0.046179608465492406,0.01321423244607962
2023-03-31 01:00:00-04:00,,,-0.15192737369761822,0.019024152774449597,,,,,,,,,,,,,,,,,,
2023-04-07 00:00:00-04:00,0.0008315243303886888,0.004737314522048191,,,-0.004047289394585429,0.005770242636919915,-0.006795744633899536,0.007161179822627322,-0.015523482219008122,0.029739027483058646,0.030564847466150846,0.007913739663045979,-0.03159660210690174,0.011347253526119797,-0.02199886369711057,0.009398886861500698,0.008025542947563302,0.00340612577867752,0.03514237504960027,0.01352370958167336,-0.005095447248412377,0.006982091756285248
2023-04-07 01:00:00-04:00,,,-0.07023755597234294,0.025053508756919207,,,,,,,,,,,,,,,,,,
2023-04-14 00:00:00-04:00,0.014387304920907784,0.006840125628480906,,,0.03169114728564093,0.0052691175251117234,0.007182082831844072,0.011141843524345987,0.022626014721045085,0.0038291648965153463,0.010588736495686701,0.007626090868695233,0.025054056485042997,0.0037872487097764178,0.0240502363068531,0.013352599004858428,0.0010653700228291374,0.004976737117457205,-0.0074919041489666105,0.004906305759716598,-0.007592213488173849,0.009055164512420203
2023-04-14 01:00:00-04:00,,,-0.11964929179228212,0.03949376564246153,,,,,,,,,,,,,,,,,,
2023-04-21 00:00:00-04:00,-0.00041211509118188605,0.003302964034076478,,,0.010955581151846694,0.0060979056781961085,-0.007256027794298681,0.004400728826203241,-0.0225442340269002,0.005994986771807925,-0.002303211903353475,0.005443511624154281,0.005295629385773548,0.004531045397562865,0.0006792197685125956,0.010130843649546143,0.016460835027927168,0.0031974586206481824,0.008839158073415287,0.005062032424520495,0.01529223832084603,0.012691848639506452
2023-04-21 01:00:00-04:00,,,-0.046075055145485266,0.027080252034899253,,,,,,,,,,,,,,,,,,
2023-04-28 00:00:00-04:00,0.009563152896978178,0.013440659224162295,,,-0.0009038960485181491,0.01408321120415624,0.024869248817773526,0.01713243362390521,0.0049583000784954034,0.015945638651637114,-0.006768728062737761,0.010503375017082577,-0.006063075198450951,0.017186224927267346,0.0018296122148135918,0.01672051582491884,0.011362055474469113,0.007174948765570969,-0.008907878021414573,0.013298718228666632,0.01342282951086693,0.014360976883600884
2023-04-28 01:00:00-04:00,,,-0.13391875259813446,0.081389183999933,,,,,,,,,,,,,,,,,,
2023-05-05 00:00:00-04:00,-0.006835483847905333,0.011784876130989306,,,-0.027961268321409993,0.018054050345908176,0.0035168111142953595,0.014217655833527916,-0.045562635536613105,0.025351069805961798,-0.000972190175632992,0.006910088071722117,-0.00499943315004947,0.011125986994830075,-0.002101683585904346,0.01251617899242856,-0.0016814282363489808,0.006414488834562338,0.0030514807170320957,0.008029799790366597,-0.00504925827362579,0.013520172272776606
2023-05-05 01:00:00-04:00,,,0.04753203497247527,0.10021209578061664,,,,,,,,,,,,,,,,,,
2023-05-12 00:00:00-04:00,-0.0033418073286538563,0.003340641460060295,,,-0.0187632964240958,0.00276046075218343,1.0644847381335865e-07,0.007569183821563046,-0.03538089540420808,0.006758850874933325,-0.008996020206063382,0.003406871417156194,-0.014214133554291797,0.0034226457242771875,0.0012869375994739585,0.005625371309862807,0.002730548727694515,0.003361914507700713,0.0010153297122530436,0.007589455457404277,-0.006162766180508594,0.0077930950182885815
2023-05-12 01:00:00-04:00,,,-0.03948104194381319,0.031273824172448714,,,,,,,,,,,,,,,,,,
2023-05-19 00:00:00-04:00,0.01552551848695738,0.007753330717727116,,,0.020025122328401146,0.011541471402260346,0.042223505895442104,0.00868935645138665,0.01053161943149794,0.016346724958065384,-0.0068073258545675586,0.0048210715669137335,0.013612566450931674,0.011464286330300132,0.023986561969938203,0.012613193364106302,-0.01708968554369905,0.003635013768084931,-0.04589412763858891,0.008749473071520231,-0.024777853266954253,0.014321974369623295
2023-05-19 01:00:00-04:00,,,-0.036123913349941694,0.052631157978405715,,,,,,,,,,,,,,,,,,
2023-05-26 00:00:00-04:00,0.0032962802492508825,0.010232273882501424,,,-0.018343012175892848,0.009083617768661015,0.04948714637237006,0.023021731104391256,-0.007184505782318884,0.010710597305745344,-0.03019010165963887,0.005184739666151848,-0.014826696830972819,0.009169960707230786,0.002308529471829024,0.013012474760794875,-0.03024305139236172,0.006613592812006559,-0.025497912757845742,0.005664034369804274,-0.015987023686900304,0.013965303173171134
2023-05-26 01:00:00-04:00,,,0.0286532938761761,0.06656133314912674,,,,,,,,,,,,,,,,,,
2023-06-02 00:00:00-04:00,0.013956421408550357,0.008980459900926564,,,0.019900531159341206,0.013972478465616183,-0.0017944252518995452,0.008008739369668593,0.03229974854351236,0.02189856770294092,0.027031269328362972,0.008188297072449956,0.024979812189792172,0.018426927660324145,0.021936040770018206,0.013476672433830553,0.008355969153555298,0.010339629664267045,0.006491480423138185,0.009028900860077576,0.023352867071298133,0.009258090318420769
2023-06-02 01:00:00-04:00,,,-0.16856487326287073,0.06540694197553816,,,,,,,,,,,,,,,,,,
2023-06-09 00:00:00-04:00,0.0037824651472850856,0.0037368218777219238,,,0.009439697259504998,0.006674151365647584,-0.004736388580248163,0.009915387933566614,0.003207139135891879,0.014085034105592874,-0.0014548254214286072,0.006093523392840073,0.012357770972320825,0.00884957377070133,0.026947929839161056,0.008185225048776201,-0.005306245095351603,0.004756965421602189,0.017315344120108156,0.008494135864956343,0.006234673140563141,0.010563550904573995
2023-06-09 01:00:00-04:00,,,-0.09489527713382917,0.026791071164103033,,,,,,,,,,,,,,,,,,
2023-06-16 00:00:00-04:00,0.02360607199777065,0.00630228834020523,,,0.012055430936125822,0.0070315424277014845,0.03613547541659701,0.011002219014908424,0.009362038436738773,0.009164974765269425,0.014269194626993054,0.009303609260348181,0.028780455823152806,0.007888644181762267,0.025834107653332605,0.007829591161551621,0.020082080423937665,0.004080358592719664,0.012944064552848022,0.005322562407960894,0.015903148626276842,0.003688039408476357
2023-06-16 01:00:00-04:00,,,-0.06232684519969933,0.06486959324745567,,,,,,,,,,,,,,,,,,
2023-06-23 00:00:00-04:00,-0.00969259128190636,0.004915881653714005,,,-0.014152172032356303,0.003110857521004115,-0.01856372320340871,0.010032934709202558,-0.028384921820795106,0.012750343364365596,0.01219239459353516,0.004378457993530556,-0.010348871221752431,0.006494571664031357,-0.0014486888841552803,0.012845160803545794,-0.0036461576407268437,0.006877857654304612,-0.023133583174945516,0.01011741251012594,-0.034204272068603436,0.004098751431677619
2023-06-23 01:00:00-04:00,,,-0.06406685921236466,0.041605311322578345,,,,,,,,,,,,,,,,,,
2023-06-30 00:00:00-04:00,0.024640474595568618,0.006800519915102462,,,0.031202407718401215,0.00832296244021184,0.0299762052949617,0.011253720088786289,0.04735482870913743,0.005862571848644695,0.00805024756910222,0.006882689129473546,0.0395196185713913,0.004550779121093932,0.03265628810732668,0.012890715421064845,0.005285940804073741,0.005639133926266017,0.0046055789486629806,0.010371771962672008,0.051324944523923,0.007594743362974849
2023-06-30 01:00:00-04:00,,,-0.05821206755529984,0.03696206436792884,,,,,,,,,,,,,,,,,,
2023-07-07 00:00:00-04:00,-0.009866410415504512,0.003770437181471529,,,-0.003559509256397253,0.006018066592311471,-0.0150722664267392,0.0018253506335696923,-0.007127902904262573,0.018254552139379335,-0.0253118222994152,0.0046838863627318315,-0.00664116183784369,0.004591182401707108,-0.012477291054094564,0.011627299111439563,-0.008101266352229852,0.00852347810431058,0.0013782426960142757,0.011344031383202655,0.006659657149357345,0.006812913802415165
2023-07-07 01:00:00-04:00,,,0.07075808774326786,0.05575247975389524,,,,,,,,,,,,,,,,,,
2023-07-14 00:00:00-04:00,0.025332050852349353,0.003787408009015313,,,0.019345320455542492,0.006745014691219235,0.03165471249069873,0.006306643858657156,0.010796776990773749,0.01821124652412154,0.02085106644390433,0.007224907645096095,0.022404297763235714,0.007940802674663579,0.03197643307557829,0.0033552781427998433,0.009650585769618969,0.0017334712509090855,0.024050317781573405,0.008841629585047106,0.029185515618639135,0.004197449759167731
2023-07-14 01:00:00-04:00,,,-0.17039799652478227,0.040418984167604734,,,,,,,,,,,,,,,,,,
2023-07-21 00:00:00-04:00,0.006790926278267273,0.005191389738860203,,,0.0306927244842361,0.005789077582585145,-0.0010776642994646535,0.013197890304183982,0.03868904049672328,0.005411628787305889,0.03722878153285558,0.007754298119439144,0.010422593045857242,0.00427409461162077,-0.02308307841433499,0.016646723611348783,0.02202674586470832,0.005752508348323406,0.027465207705985595,0.013575662734790979,-0.001551944387642501,0.008503901672484049
2023-07-21 01:00:00-04:00,,,-0.013062362481095158,0.024782026490467367,,,,,,,,,,,,,,,,,,
2023-07-28 00:00:00-04:00,0.007830209283628431,0.006023687995922027,,,-0.002267478735458184,0.009130106067216403,0.005822377596408579,0.011031997012600213,0.013218314117966035,0.008221339491196862,-0.007707148948960629,0.00376345496265127,0.0059354272623362014,0.00637117083146861,0.011830781650525202,0.010258077707041848,0.006480459010172801,0.006950392182837723,-0.02217031538952363,0.007769314162954014,-0.021183160462165396,0.01170768878505421
2023-07-28 01:00:00-04:00,,,-0.06717984889500916,0.06522041522267677,,,,,,,,,,,,,,,,,,
2023-08-04 00:00:00-04:00,-0.02317405075280443,0.005807738577839181,,,-0.010207063518588133,0.004703871705350592,-0.038966924416847126,0.011472360097794673,0.0036951332756907096,0.012509804856629829,-0.01889625627978997,0.003086046639697525,-0.018676396053742605,0.005904621036209029,-0.009469345136118634,0.013139987827052786,-0.01776318000922905,0.004913893011494462,-0.04932402516417489,0.009712260123679898,-0.024473828321903035,0.008289510308287331
2023-08-04 01:00:00-04:00,,,0.22317603300395406,0.0647932905191082,,,,,,,,,,,,,,,,,,
2023-08-11 00:00:00-04:00,-0.006819635961138548,0.00589455378508105,,,-0.005977816544383008,0.0091978429890701,-0.028974027697746374,0.006377207210183043,0.02848646782498987,0.006888989920536293,0.021611451356940314,0.005288052420453585,0.002208921656600804,0.00661503104499259,-0.01411543234217627,0.008725721710241887,0.00013375443156515843,0.005616176671229652,0.005293367373642832,0.0035247002614259863,0.0056482981312282465,0.006907201206426279
2023-08-11 01:00:00-04:00,,,-0.12189346227461828,0.04074016415491395,,,,,,,,,,,,,,,,,,
2023-08-18 00:00:00-04:00,-0.01843949575145931,0.006953175704021707,,,-0.02412430613304406,0.0074392273776669625,-0.010615854824810533,0.011272927212421511,-0.009369791932531624,0.013582359596460007,-0.015918812334771437,0.004838120733774229,-0.02361906554317661,0.00609108013340664,-0.035688833238583406,0.008444310891415141,-0.02510032218145708,0.005867845190431517,-0.016116461306312724,0.008975805115262704,-0.03079817794966333,0.005803642948748867
2023-08-18 01:00:00-04:00,,,0.08942059901676669,0.05666830217520928,,,,,,,,,,,,,,,,,,
2023-08-25 00:00:00-04:00,0.005530814909650905,0.01002851779328359,,,-0.0011754805224253317,0.007440743085692467,0.017489858476559927,0.01745866230195251,-0.017718884125792256,0.007224958810594381,-0.0005245033629367457,0.006151800770520574,0.00301251945426384,0.009082876767636899,0.006417718538864747,0.012986954614823683,-0.005629592147788576,0.007118374942024259,0.00521338190436893,0.006207114207171685,0.008856920019958636,0.00891840967539018
2023-08-25 01:00:00-04:00,,,-0.13033834120762566,0.0624944669876391,,,,,,,,,,,,,,,,,,
2023-09-01 00:00:00-04:00,0.02023774709298265,0.005990596039674556,,,0.017302092641346967,0.005598552528502902,0.03653153312450752,0.006647236140740196,0.033249847734052373,0.007806953008557442,-0.002315349192153593,0.007681874843335705,0.01625255082176258,0.005113120065325357,0.0238355109749806,0.011420047141206839,-0.007156672613269799,0.00573477080715184,-0.017257624512540315,0.00510120515304437,0.011758215568485664,0.007302383947551229
2023-09-01 01:00:00-04:00,,,-0.1939654964855574,0.007680441075256576,,,,,,,,,,,,,,,,,,
2023-09-08 00:00:00-04:00,-0.011559051561106704,0.0034554708716802184,,,-0.010100947599458121,0.005214097067059156,-0.016898120023129626,0.009023246665707309,0.008767091982646802,0.004848175956762468,-0.01182259694529919,0.006446844369516385,-0.027437555713125672,0.006352263662180671,-0.0036606768628900666,0.005167884510866228,-0.004305173736710355,0.004937085261642977,0.009265165220528448,0.012507876132935141,-0.008662587731432025,0.007901196439428085
2023-09-08 01:00:00-04:00,,,-0.02190809005651284,0.04679748027595012,,,,,,,,,,,,,,,,,,
2023-09-15 00:00:00-04:00,-0.007375539140426435,0.008572260553574825,,,0.010737374238948716,0.005706681177288806,-0.03103681559462701,0.013079750963449325,-0.00765762024000094,0.016811496575927565,0.0014394039948497639,0.005500537588991246,-0.00840485783761924,0.006720348765227444,0.0030945361718925923,0.017244303104775538,0.003481944494225342,0.008997957219878032,0.02899698172905496,0.007759157681500581,0.003546001405053678,0.010524475502100984
2023-09-15 01:00:00-04:00,,,-0.02681722740966308,0.0544936367601829,,,,,,,,,,,,,,,,,,
2023-09-22 00:00:00-04:00,-0.028506907279252314,0.0069615187660622465,,,-0.02801040269742361,0.00731879696150537,-0.02166027197939302,0.009833380467928097,-0.03218460011887514,0.009193247308229591,-0.012968513066622167,0.003795664602142621,-0.0265850527229603,0.006523298136652541,-0.05888890591832985,0.008529003217962842,-0.023119890916907693,0.005511632782297427,-0.018150776834841453,0.0045276042850069705,-0.052877005723660275,0.0139838911186039
2023-09-22 01:00:00-04:00,,,0.194444529068325,0.0708187404665764,,,,,,,,,,,,,,,,,,
2023-09-29 00:00:00-04:00,-0.003938005392464694,0.00812646339449947,,,-0.012503709719562828,0.008390230376494279,-0.00036584144996276713,0.009969024106875729,0.014819839542501212,0.01722528347393238,-0.009844580234639189,0.006776122019707749,0.00029592640698994366,0.009435620578160577,0.0044298414743992875,0.011592352892977104,-0.015875381125956656,0.004488383009889017,-0.06341388733959052,0.013630857026834326,-0.009593041244140843,0.01088371761399118
2023-09-29 01:00:00-04:00,,,0.015652200450067877,0.06821169558153885,,,,,,,,,,,,,,,,,,
2023-10-06 00:00:00-04:00,0.00684452728500462,0.009597990767048979,,,-0.0006052314989892782,0.010812993678027271,0.02566915398075631,0.013892188940738284,-0.05029353480967402,0.015102606723297073,0.013090988192510311,0.007396412092138852,-0.0030664218768722273,0.009612514543367597,0.0036870421538266474,0.016241824691422935,-0.02884193975037075,0.009818192577970708,-0.022870918220096348,0.024386416106752712,-0.011196140051801251,0.014157646968564348
2023-10-06 01:00:00-04:00,,,0.008087885691303809,0.07427961417188726,,,,,,,,,,,,,,,,,,
2023-10-13 00:00:00-04:00,0.009167893489418155,0.005969841674634002,,,0.014355666947415191,0.004849462295509101,0.008613139509590084,0.008939582074409992,0.01772114371429212,0.018454839264720413,0.004165258086488821,0.006453082591056675,0.005732959969805718,0.010727872500105625,0.0018908630015366246,0.01058799226438304,0.005721275537005965,0.009299589569814883,0.0376202401750525,0.012843437290926615,0.02906829123865662,0.012834567038229378
2023-10-13 01:00:00-04:00,,,-0.011259017932199855,0.08397708644541305,,,,,,,,,,,,,,,,,,
2023-10-20 00:00:00-04:00,-0.029113623537551092,0.010024860833500453,,,-0.03765704007168258,0.012788277521061747,-0.02942406601454184,0.00977112986536143,0.0009981362561346518,0.011280373780771357,-0.020274125088430073,0.006956683103005184,-0.03866765598650068,0.013391440696072175,-0.0509292785179688,0.017942065136720982,0.0011905638982643296,0.007026405000570849,-0.02339281233973456,0.008719260041137758,-0.052098416043143136,0.014227319810417532
2023-10-20 01:00:00-04:00,,,0.13664914402489092,0.08458647716016458,,,,,,,,,,,,,,,,,,
2023-10-27 00:00:00-04:00,-0.021281778003738094,0.008721097350217212,,,-0.021164155775602378,0.008990717323395141,-0.011048340842335747,0.011494519013196777,-0.05694238798973983,0.008422758772976865,-0.03774327367417707,0.00723396041704194,-0.021410405803971688,0.007633500884374232,-0.009862245857171548,0.014495457627708914,-0.009078646378551047,0.008579672689975507,0.021391280867309348,0.017048980258499716,-0.0036960285505078794,0.018320207904686046
2023-10-27 01:00:00-04:00,,,-0.02565274704074816,0.05923835306526603,,,,,,,,,,,,,,,,,,
2023-11-03 00:00:00-04:00,0.05109293990351049,0.004809520415037237,,,0.0666244608825961,0.006577260665315321,0.06044306976353031,0.005059370591026977,0.0206052653748805,0.01519209288971227,0.029326132756334555,0.005251008551838329,0.04655953222441522,0.006524209862466941,0.05888580496861606,0.007317408058578189,0.02872929526174639,0.007400589072447684,0.04883010186187242,0.005037465709774488,0.07897987326352629,0.012052643599440607
2023-11-03 01:00:00-04:00,,,-0.2943681760718456,0.012405749745262973,,,,,,,,,,,,,,,,,,
2023-11-10 00:00:00-05:00,0.011803203630966319,0.008378513355241087,,,0.00118090492035261,0.006225616116556652,0.04378171828075739,0.011187006905661328,-0.04532456546916297,0.012433731354224547,-0.013130152270440343,0.011123261339178929,0.008556403173833216,0.007312350853635465,0.0036065058211043333,0.013658074465874019,0.0027628465846951666,0.0046838851209921786,-0.026625821431887742,0.006890607409718587,-0.018830298721288052,0.011917145448405768
2023-11-10 01:00:00-05:00,,,-0.07927227029323158,0.04727749859789744,,,,,,,,,,,,,,,,,,
2023-11-17 00:00:00-05:00,0.02631882839594102,0.008347612075547026,,,0.03610543957981305,0.0075198827230913085,0.022543044866921047,0.009974053670283414,0.01376585555834442,0.015050509178351275,0.014636087165944334,0.0036647748398556212,0.032254886423003226,0.008265445852227772,0.04013943727247704,0.01620909815014595,0.008563040390479948,0.008967163056930339,0.03488966358342438,0.01977761574291254,0.054220538084172265,0.025293384153985278
2023-11-17 01:00:00-05:00,,,-0.08970974078930516,0.03423676035948174,,,,,,,,,,,,,,,,,,
2023-11-24 00:00:00-05:00,0.010587473873944209,0.004255017586004582,,,0.01201379516100931,0.0021743426058632594,0.007539639948100696,0.009649985201943117,-0.001293540569185736,0.002729703772395491,0.026457970310098666,0.0006214872529734306,0.007962071433377904,0.0016913933141603221,0.006822306258131849,0.0032845957235974103,0.017485614423944584,0.003237327866000946,0.0111290050008781,0.003324739076013527,0.011417405867089725,0.0053485625188292385
2023-11-24 01:00:00-05:00,,,-0.12622722032564837,0.014324508625016002,,,,,,,,,,,,,,,,,,
2023-12-01 00:00:00-05:00,0.00978763574712338,0.003213657205322826,,,0.026099198886602393,0.006057897214524703,0.0077655150269455575,0.0009278003632178668,0.006272950733773541,0.005898162506118706,0.0074895915135628766,0.007638490558603051,0.02584890506117765,0.008937915047229355,0.016335940130382642,0.006618092186847328,0.008672345567790174,0.00705549487291157,0.0125915595153403,0.0072251651693008255,0.04595460450092226,0.006838172904687139
2023-12-01 01:00:00-05:00,,,-0.0388128017927335,0.01835473952235523,,,,,,,,,,,,,,,,,,
2023-12-08 00:00:00-05:00,0.010096564408296205,0.005461953368254254,,,0.004727530255026702,0.00503553881927569,0.015947225087900474,0.010826282043869888,-0.02571091813020121,0.011125646979512408,0.004487400244275408,0.001534009703661822,0.009917454794215796,0.004938127072971188,0.019664297813577036,0.0044339738864294384,-0.006377620011491225,0.005210855776000744,0.0028467266232334865,0.00794628976568349,0.002645565307918929,0.004007847141397588
2023-12-08 01:00:00-05:00,,,-0.07003007305734277,0.03387173888674912,,,,,,,,,,,,,,,,,,
2023-12-15 00:00:00-05:00,0.025110019518386206,0.005607695597912232,,,0.03348061092232357,0.008022190401033597,0.030036150813363527,0.004640623602096848,0.02430118834063899,0.016924571880169527,0.010393180809397773,0.010561837445907826,0.03460269119123427,0.005764436572779354,0.03595576685228519,0.005845070863550744,0.010496583940866389,0.012182320148443927,0.01410902529232616,0.022002591909429305,0.05792107934645707,0.020220639702894564
2023-12-15 01:00:00-05:00,,,-0.05900386563291782,0.02914811645853727,,,,,,,,,,,,,,,,,,
2023-12-22 00:00:00-05:00,0.005669015583853465,0.009180687536829542,,,-0.00026776051752419594,0.010960123283494357,0.004235360981181158,0.009695439502555305,1.9243324267392836e-08,0.008025274769489889,0.0071610552940502,0.010085675538889817,0.0039935036093261544,0.010506717493866306,0.00011142792000540247,0.013376780266459564,0.002957546284207302,0.012092648652861724,-0.014634219633462786,0.010440422371825424,-3.918256963331146e-08,0.008611321926869772
2023-12-22 01:00:00-05:00,,,0.03248810230824706,0.05009039533013908,,,,,,,,,,,,,,,,,,
2023-12-29 00:00:00-05:00,0.002615584320154296,0.002974128421376626,,,0.006154632502509916,0.0033136902991620447,0.0016130649423995447,0.0029917389512073627,-0.021703528831462315,0.009766944121579755,0.010896013887607747,0.0013142956451382452,0.006800902717781998,0.0036225133070120308,-0.005948395770662307,0.005520562315462766,0.01350794545999312,0.0019549089596415195,0.012955709049736752,0.004392200040549818,0.007038734884774689,0.008666100915830881
2023-12-29 01:00:00-05:00,,,-0.09586061035708282,0.021481010370784745,,,,,,,,,,,,,,,,,,
2024-01-05 00:00:00-05:00,-0.008979998739643169,0.0040543669201483275,,,0.006666660349198494,0.00632466136959909,-0.03023283840127855,0.010951260751830416,0.002960968654724061,0.014854464559332568,0.022640604634848405,0.008895468084320401,-0.015896933635045518,0.008150085050172555,-0.03158495649518611,0.008962531007752123,0.003343988022435962,0.008052184429212262,0.02331113365268589,0.00728685616872959,-0.01701285848514067,0.013768526850646754
2024-01-05 01:00:00-05:00,,,0.009833593934573726,0.0558492164318623,,,,,,,,,,,,,,,,,,
2024-01-12 00:00:00-05:00,0.017611938839704244,0.006501437873650816,,,-0.004237058676155536,0.004922646740416715,0.038854318026630086,0.009515928904836438,-0.0067275699777806786,0.011279505887396289,0.00977313317477324,0.0046205443161451264,0.008818541800265534,0.004373225395581034,0.006014367839424883,0.011199911056782462,0.01083042019070013,0.0035838348262047536,-0.01661755555353084,0.012497240572316284,0.007132051297984887,0.009718239103606937
2024-01-12 01:00:00-05:00,,,-0.09285715648106163,0.018593512941358577,,,,,,,,,,,,,,,,,,
2024-01-19 00:00:00-05:00,0.01508645693068722,0.008983049023757968,,,0.017435793572933456,0.009874116433256695,0.04255204952280822,0.013602272070317448,-0.028242563152146127,0.011794170435885794,-0.005065136291014571,0.0029352664903684526,0.008068011028527389,0.011106838682443712,0.011450956114597899,0.008078469674205621,-0.010438047799972261,0.002156816655615487,-0.03221702599336718,0.00564701514654548,-0.01651840378468017,0.011476246905691202
2024-01-19 01:00:00-05:00,,,-0.058073633248599044,0.07627501740355268,,,,,,,,,,,,,,,,,,
2024-01-26 00:00:00-05:00,0.007024458385458843,0.002458668517806913,,,0.014702148845189278,0.0013441825607094962,0.002982945271296167,0.0074212985989852535,0.05312513844077471,0.008402034011773479,-0.0022207800028195557,0.005869016962458061,0.00522868124094944,0.006669488114281757,-0.020482858325671316,0.006032675431953326,0.012406203414566885,0.009944362559067816,0.004101045422067129,0.011678924129481825,-0.00875611343351601,0.010469368131010914
2024-01-26 01:00:00-05:00,,,-0.037037052427568495,0.036704871881635404,,,,,,,,,,,,,,,,,,
2024-02-02 00:00:00-05:00,0.013573186957967165,0.011936968849529436,,,0.011679296913824855,0.008952418797191433,0.0011880942694293406,0.014637862952831633,-0.0071328830642976015,0.010566579511133,0.01857983037559019,0.006146438349351218,0.01994353522804082,0.010465090783260923,0.0307505611009371,0.015952054873894984,0.018398992426251315,0.01068392892971655,0.003918389103835018,0.013494846548762773,-0.0044177713140550745,0.012813332047722116
2024-02-02 01:00:00-05:00,,,-0.009298938842869697,0.04428006318429403,,,,,,,,,,,,,,,,,,
2024-02-09 00:00:00-05:00,0.01519132497795006,0.004653721935862496,,,0.00825626521754197,0.00538869223864073,0.023539784467748293,0.007760689325595937,0.0036139671683292907,0.009505167216148849,0.010596553499911066,0.004966072294062801,0.015896377767014025,0.005664428540527783,0.025071141481388226,0.009846185382149902,-0.014557052780523327,0.004706705478912174,-0.01018224862861472,0.010417525345062604,0.015331696433022346,0.012842467975862136
2024-02-09 01:00:00-05:00,,,-0.10020873986438972,0.02056217126119838,,,,,,,,,,,,,,,,,,
2024-02-16 00:00:00-05:00,-0.0033122045815997536,0.009257780715847205,,,0.01407374254094762,0.0118319738771156,-0.02530912280838593,0.01018441425284033,0.023564543891013034,0.014595668897449773,0.012515644891821998,0.0071025888866048026,0.009839129932929014,0.01073417730985271,-0.005223415605123849,0.012979468306100887,0.0012294117829683149,0.007284930818975415,0.01592838705813282,0.012935351860799827,-0.0038962691277411032,0.016377464135493416
2024-02-16 01:00:00-05:00,,,0.056379840852409435,0.08937731871324324,,,,,,,,,,,,,,,,,,
2024-02-23 00:00:00-05:00,0.02035281548254564,0.01139393817523937,,,0.024142390336534092,0.00592901814987986,0.01941596180101013,0.01975319008913669,0.003502345493965775,0.012588606393210413,0.01461587488267635,0.006274168902165941,0.02210508558009905,0.006346727156853992,0.022042995058854542,0.01290826556017578,0.013279099810468153,0.0036257481923203747,0.01374345232045937,0.009142997114403945,0.01334740229500242,0.0037018682546037032
2024-02-23 01:00:00-05:00,,,-0.08880053936633558,0.0641817968547123,,,,,,,,,,,,,,,,,,
2024-03-01 00:00:00-05:00,0.008951366848885423,0.005006093222459874,,,0.0007452579943989512,0.003458514195521504,0.022163832554940255,0.009229360859939771,0.014907981955351701,0.0062363882870681,-0.009677348810175124,0.007294947043273559,0.010897605363136664,0.0022785491861806208,0.017599844604641257,0.0015361615631564974,-0.0045453542405434755,0.002013262772502322,0.000973127855984357,0.014059777955566717,0.02329181983171935,0.009851565068363825
2024-03-01 01:00:00-05:00,,,-0.0748059572272024,0.024969370238050584,,,,,,,,,,,,,,,,,,
2024-03-08 00:00:00-05:00,-0.0006054689979662076,0.008068534321491485,,,0.009945110963204717,0.002501692781399633,-0.014777136272167923,0.016489178450239093,0.012400746955937514,0.00766533936849659,0.003494980928748337,0.005689537720585253,0.006418719175152576,0.006497339822996065,-0.02063985990137185,0.008528452239542173,0.013347937114253972,0.006226590449182756,0.0377665714931561,0.007421064160986623,0.018250829850068984,0.010148024085022246
2024-03-08 01:00:00-05:00,,,0.09266123211330424,0.029886257521016032,,,,,,,,,,,,,,,,,,
2024-03-15 00:00:00-04:00,0.001829709362312304,0.006517676538293114,,,0.007907154799781546,0.005830096715517285,-0.003730560575094355,0.013782181266735022,0.03821283733314784,0.006897638963771659,-0.005064940276309993,0.0036963735601211758,0.0009842505507091648,0.004203701067797398,-0.009788096936019341,0.006968846259304195,0.002654934800118136,0.005428802039075665,-0.003141707858102194,0.0075261532769115395,-0.024731348220572213,0.005223010280925125
2024-03-15 01:00:00-04:00,,,-0.07092200936408555,0.05362745861491943,,,,,,,,,,,,,,,,,,
2024-03-22 00:00:00-04:00,0.014027327737765605,0.004125118019220906,,,0.01569395049962541,0.008985625322065854,0.013617134491884508,0.0043888634573818735,0.01326887904278884,0.005586846729112063,6.867626976236885e-05,0.003506200464746128,0.025471059774414773,0.006418812599945101,0.018222393389284663,0.008738638680079095,0.010014804977544811,0.004262552259959261,0.013328990444003486,0.003976909032736886,-0.005664282864113135,0.006468022193448965
2024-03-22 01:00:00-04:00,,,-0.11457624273785094,0.026663731399082496,,,,,,,,,,,,,,,,,,
2024-03-29 00:00:00-04:00,0.00629098163375863,0.005114058659019342,,,0.01763710567236232,0.006471184542915761,0.0016833644848552876,0.00504513356417291,0.01822695018163989,0.008791643942344014,0.013862725952680677,0.006597416070150676,0.006231086968232935,0.010055476201970217,0.01032906809138412,0.0069614660198202526,0.009518808148262892,0.0056734446602124235,0.025140577199902925,0.016125165188884294,0.0222394539812929,0.01383531752226331
2024-03-29 01:00:00-04:00,,,-0.048280895664123635,0.023396429086502153,,,,,,,,,,,,,,,,,,
2024-04-05 00:00:00-04:00,-0.010308703788616369,0.008477048432549957,,,-0.01399436059907,0.007759382724027102,-0.010828484182834663,0.010891073257291734,0.03580084772394376,0.005444910414103978,-0.02993766755413696,0.010202807806614912,-0.003330791893742191,0.009699819964763544,-0.028518549157123485,0.008501152585746938,-0.026457026732029765,0.004709937633301492,-0.0076150804869419275,0.003781717565990341,-0.03105268630661595,0.009490451632947431
2024-04-05 01:00:00-04:00,,,0.17781051366749878,0.06736584385936875,,,,,,,,,,,,,,,,,,
2024-04-12 00:00:00-04:00,-0.015987558890637965,0.00876120873289372,,,-0.03655611919890578,0.0076159808975747876,-0.005615124364569568,0.014439635469178987,-0.020381129108592577,0.007671306279514649,-0.029348106854865885,0.0073292410609669895,-0.02344060459667585,0.004972776241857656,-0.015508604390303438,0.012857801474847903,-0.01105111804368053,0.005346439256080373,-0.014884331070873502,0.00982171505096569,-0.0324759879820411,0.02156399431873886
2024-04-12 01:00:00-04:00,,,0.06588668164436484,0.0912155306326516,,,,,,,,,,,,,,,,,,
2024-04-19 00:00:00-04:00,-0.03876693685602206,0.00455039514406073,,,-0.004928687894754313,0.008173125259618632,-0.06846335743965559,0.008651860964130604,-0.0167717771402196,0.008625665514051103,-0.008349896704399895,0.00230684316417178,-0.03299095820366316,0.0021964602445205326,-0.048430573018423684,0.004823392889113418,0.008262374126341898,0.005143424508195189,0.012221511015816144,0.014885193183673154,-0.04243396109954345,0.009374055225706376
2024-04-19 01:00:00-04:00,,,0.1044863338024391,0.06021762744563939,,,,,,,,,,,,,,,,,,
2024-04-26 00:00:00-04:00,0.020950916295270128,0.00692733552433377,,,0.005418627842792789,0.007071500024378652,0.029998404917413124,0.006561340958520869,0.013443397822329395,0.006448120532030823,0.004161305701749107,0.007554631257943049,0.012046353055115366,0.008063618569391908,0.03403480153880012,0.004441070547554019,0.013406587168667272,0.005444232390216854,0.010997414737013989,0.0077693938177215765,0.011934612908596431,0.006015483783856804
2024-04-26 01:00:00-04:00,,,-0.19150082788574463,0.0440847051089515,,,,,,,,,,,,,,,,,,
2024-05-03 00:00:00-04:00,0.0023525836435236425,0.011263542258454096,,,-0.006370995830225712,0.005022144551171078,0.008413779740769511,0.01969391403213268,-0.030274507301999765,0.015820765193580867,0.004995549850172587,0.0018683718642125704,-0.0011391430401364033,0.009803732702932505,-0.009023596505026488,0.018353514297337885,0.0035708888958851936,0.006044768421854894,0.02640660533194339,0.007355619083776484,0.010095565101710946,0.013102792827960119
2024-05-03 01:00:00-04:00,,,-0.1223162087468378,0.05471126869541379,,,,,,,,,,,,,,,,,,
2024-05-10 00:00:00-04:00,0.01380051141159,0.0042926689352736835,,,0.023739679944408287,0.004045305463895039,0.010918678986413743,0.005639876437791093,0.010445696195642062,0.007711266451552389,0.01873002844737126,0.004961762066597915,0.01699288223732931,0.0049686204352085706,-0.0051391226607614415,0.007974183014605788,0.020644246884371498,0.005740314278833086,0.0386184197444841,0.006291491860863893,0.014488858132489124,0.013068877019951478
2024-05-10 01:00:00-04:00,,,-0.10228894122500898,0.00922698635570648,,,,,,,,,,,,,,,,,,
2024-05-17 00:00:00-04:00,0.013184884152252607,0.005620327130628497,,,0.01287255437773105,0.005031728367628241,0.023037933829868962,0.010483799081285192,0.009675750433019603,0.006854262048207955,0.016888962284365094,0.006583762473552014,-0.005001658191493452,0.004899139923269694,-0.0009504427128416149,0.004758717600024463,0.005657578702281452,0.007224728071637796,0.011606519887719102,0.0070487845147052045,0.020805841138001213,0.00751537212339101
2024-05-17 01:00:00-04:00,,,-0.09577680511629716,0.057666283760130686,,,,,,,,,,,,,,,,,,
2024-05-24 00:00:00-04:00,-0.0002453594127396208,0.005309508324707065,,,-0.01863224585415124,0.010030478937175147,0.01490363782170645,0.007623147074590694,-0.038210485213008405,0.0075209701000250795,-0.011904871223323621,0.005192207741220242,-0.007179294040440154,0.006551489667514368,-0.015369117089715778,0.011260010872682764,-0.01394044919190407,0.00715632210022181,-0.013793149313244601,0.01209129305576372,-0.034883832677658044,0.0085527416851761
2024-05-24 01:00:00-04:00,,,-0.027709872852756057,0.04448140911015428,,,,,,,,,,,,,,,,,,
2024-05-31 00:00:00-04:00,-0.0054690263838537145,0.007589917624687766,,,0.0028903605890837625,0.011959594937371329,-0.028880355675702574,0.012177495785851408,0.01646840506397429,0.017700651575255487,-0.0027759294935911782,0.011768479374497945,-0.00723417047411512,0.013289154488520076,0.006117770336891537,0.006163952702282413,0.006376040872671185,0.010964902111598914,0.016068259055670442,0.013963226029655183,0.012237349998487579,0.01454904869103292
2024-05-31 01:00:00-04:00,,,0.03277376817832045,0.09554851519635092,,,,,,,,,,,,,,,,,,
2024-06-07 00:00:00-04:00,0.009432605953781925,0.005314602580945046,,,-0.0036031572779027243,0.004665668649778717,0.01808561575767409,0.009841924684103933,-0.031219732476244544,0.012048214841099206,0.019707339529091428,0.002200355412492732,-0.012751155775241663,0.008309472836308212,0.008915873108704897,0.004658486843411425,0.007394119449140701,0.00526754202328992,-0.036639096263821225,0.004690975840071182,-0.00393493169549608,0.006530256152998527
2024-06-07 01:00:00-04:00,,,-0.06574920960959574,0.022896630122304907,,,,,,,,,,,,,,,,,,
2024-06-14 00:00:00-04:00,0.01800537797650681,0.0029098171084818627,,,-0.015738389350128723,0.004325679767180276,0.05957090327889669,0.008872749181762353,-0.025351512429977574,0.007426545685394892,-0.0021885398032636116,0.002885292993188412,-0.00818672561214595,0.008007376353970246,0.006717860428377964,0.0068117073873642684,-0.010671094148377858,0.005228510640394828,0.00014303556020989205,0.00800351827816159,0.01796558199583842,0.004102365419916878
2024-06-14 01:00:00-04:00,,,-0.03284952636847527,0.04806667733170981,,,,,,,,,,,,,,,,,,
2024-06-21 00:00:00-04:00,0.007723127751211978,0.004781950731682712,,,0.01923563038739462,0.0055508656361748674,0.0007887188555224522,0.010917329371656561,0.020814319830482653,0.01002205779193832,0.010670526626765486,0.001940084146469193,0.018553847326883366,0.005775801253282222,0.025322816929823633,0.009118400935000878,0.013175030738453719,0.005004038701551006,-0.0025875602662416286,0.008484358548406196,0.0041754484995180086,0.004297085520623794
2024-06-21 01:00:00-04:00,,,0.009946451222366814,0.04886644658013625,,,,,,,,,,,,,,,,,,
2024-06-28 00:00:00-04:00,-0.0002019961390259395,0.003349365790405555,,,-0.005563562260993304,0.007308214285993806,0.0026147591438736573,0.015235937253525558,0.018094648110920764,0.012691506360336467,-0.007355633241830972,0.0037937697086001306,-0.008219322685594666,0.004832798737721576,-0.0013141151507658488,0.010064504536783972,-0.008929686194535158,0.006864120718387829,-0.009880816309416285,0.009850984823945027,0.00760746232466758,0.009726472355001672
2024-06-28 01:00:00-04:00,,,-0.10180510918778762,0.02327004675010288,,,,,,,,,,,,,,,,,,
2024-07-05 00:00:00-04:00,0.016512986198281787,0.002023283563668638,,,0.006298433316411778,0.006399405025628964,0.027850186137042154,0.004532961759417263,-0.019373207924227365,0.008783622020790477,-0.011161299949173031,0.006882410335218293,-0.009963957992716876,0.007412891058858928,0.033804683853801754,0.007017343643891429,0.005196001263889416,0.008655379395556679,-0.004357271614879865,0.005903956347779753,-0.0005217880253891582,0.006405029130935333
2024-07-05 01:00:00-04:00,,,-0.038520802591172854,0.02320872031584922,,,,,,,,,,,,,,,,,,
2024-07-12 00:00:00-04:00,0.008191574083915132,0.006990818628061815,,,0.01874994064529889,0.004288493179558701,0.000727613673383809,0.0154954844009749,0.011961969279117302,0.008231071042380723,0.02559322425610544,0.003950160040564178,0.021553257808389237,0.006658624430300203,0.012853161887927511,0.00964875996549893,0.000128946256703788,0.00393325983980694,0.03862423492902223,0.0067561487332951625,0.043852721778122605,0.010463858432543596
2024-07-12 01:00:00-04:00,,,-0.034856685870166104,0.02367325336340913,,,,,,,,,,,,,,,,,,
2024-07-19 00:00:00-04:00,-0.023201519126506365,0.008141420477970012,,,0.007524044477005942,0.012502686394880627,-0.060087640446121915,0.016919858981169916,0.013273367292460314,0.009838252576999336,-0.0065169993059308595,0.013945168169900884,0.002569231974793418,0.015178439386535698,-0.024667519353571143,0.013346550272238336,0.008914775806926789,0.008846524092213844,-0.004683605037534289,0.012278616463750787,0.011485588786941392,0.00746719974564018
2024-07-19 01:00:00-04:00,,,0.29264482026111716,0.04060769233576488,,,,,,,,,,,,,,,,,,
2024-07-26 00:00:00-04:00,-0.015479164745832885,0.013805219768237767,,,0.010709986036347763,0.010565082323615194,-0.03355826722609989,0.024935907584223486,0.0033740617807693773,0.01224785911091555,0.00901633441694849,0.005475827836788421,0.006695405387352249,0.014986130057131751,-0.034677766600205606,0.0212576760819395,0.002810964139092764,0.005325225809760517,0.009503495110378068,0.009435046751078716,0.003943837081427093,0.012160067553641699
2024-07-26 01:00:00-04:00,,,-0.023823794167216916,0.13556000004555693,,,,,,,,,,,,,,,,,,
2024-08-02 00:00:00-04:00,-0.024028532158402727,0.013685533614144887,,,-0.03332551402741446,0.01371903434934196,-0.060917380070874994,0.03190523910677649,-0.04121477108714977,0.01844951256603691,0.0058674123325013205,0.005378378211583075,-0.031333755375566485,0.014180974516346683,-0.04177542635817566,0.02379650951619501,0.011743705710951957,0.006930289083865661,0.038913831067862725,0.006788440324867164,0.027743753574019925,0.006900750654216639
2024-08-02 01:00:00-04:00,,,0.4098854234187459,0.1262217426549335,,,,,,,,,,,,,,,,,,
2024-08-09 00:00:00-04:00,0.04172871470110384,0.01956753911844945,,,0.03062719633746669,0.018485669320194447,0.0714917755704676,0.027226163669198854,0.03364161423578782,0.015657846032222367,0.009966333702781993,0.018351307670535628,0.03239745499526614,0.015544662389418267,0.04357709886954231,0.020582532071407464,0.00037923996606892274,0.011412382607956418,-0.013403095909199525,0.014149333483903764,0.013084717865228912,0.019204883529110844
2024-08-09 01:00:00-04:00,,,-0.12911494780763355,0.36777791643492547,,,,,,,,,,,,,,,,,,
2024-08-16 00:00:00-04:00,0.037625727574475354,0.008175113053297088,,,0.030367354134632762,0.006729472732820522,0.07335037050700755,0.013708828716619506,0.0060046225727272695,0.00818219790187887,0.016828616125712514,0.005928011047852367,0.02156248050001741,0.007797440301111233,0.048374179343054546,0.017285451045287437,0.01769692459133143,0.005532990917657742,0.011001144156038478,0.0028350942631115853,0.005524879960633999,0.005132521267613019
2024-08-16 01:00:00-04:00,,,-0.2881193102939573,0.05763284544950218,,,,,,,,,,,,,,,,,,
2024-08-23 00:00:00-04:00,0.013339942532404336,0.007751244002800706,,,0.014847060491437913,0.005110749092622712,0.01394422091662495,0.01644259330272703,-0.0025380593175711175,0.015591385623636848,0.016810554070973982,0.0021783027351397004,0.01731183691475313,0.005401563844140432,0.023257013556405637,0.014554015938952372,0.015384487868383312,0.0030730966636981533,0.012213143867088272,0.004268064180686211,0.03607268915966699,0.007113677690760112
2024-08-23 01:00:00-04:00,,,-0.005018815922963271,0.07401503729777614,,,,,,,,,,,,,,,,,,
2024-08-30 00:00:00-04:00,0.000887903362984277,0.005718709376993454,,,0.02602066474739062,0.00323560015630381,-0.015329024270545388,0.012158197718554205,-0.0012038397318501204,0.00964687889954082,0.010282658522940968,0.0027901905853974715,0.01466520342509603,0.005223454370330063,-0.0030369511494573453,0.009836114051766666,0.007079182344962298,0.006090704563871634,0.00806036266400989,0.006407868799756617,-0.0006884476846296117,0.005602265929550034
2024-08-30 01:00:00-04:00,,,-0.07805780098535009,0.07548278669459141,,,,,,,,,,,,,,,,,,
2024-09-06 00:00:00-04:00,-0.03588064171419947,0.009629890309548451,,,-0.02659334781214695,0.0067533115963853635,-0.06458718544077668,0.021203189632790786,-0.04209828301847707,0.007240876259947927,-0.018676593058025492,0.005737921652453757,-0.03761168777632429,0.009472045777993836,-0.022403400100870163,0.016392107622370394,0.005573675556535429,0.00522085506453203,-0.005241723878444238,0.007432011331872656,0.008319869856743933,0.0023940515442983077
2024-09-06 01:00:00-04:00,,,0.4200506875471315,0.19269330131808676,,,,,,,,,,,,,,,,,,
2024-09-13 00:00:00-04:00,0.03187379290733716,0.0030180000245538887,,,-0.00447322977424891,0.009453453753899485,0.06776468553857673,0.011292077352530579,-0.00788222988488363,0.0116469178038971,0.011791983557253527,0.003715892204422353,0.02843417931199621,0.005790304722587178,0.04432758852745877,0.002811368092894245,0.011204863031426537,0.007222953592235265,0.03016792984098937,0.0050805127661949934,0.036213710300005975,0.008040170289341508
2024-09-13 01:00:00-04:00,,,-0.22326455426907932,0.04575419789626657,,,,,,,,,,,,,,,,,,
2024-09-20 00:00:00-04:00,0.01469169375997037,0.008134511690341833,,,0.021476421092695652,0.007048135157796641,0.01681500156193838,0.01571433130534638,0.028386046303085166,0.007023922204904457,-0.010829390150842388,0.006716292284270357,0.015555863143547066,0.008982250796517889,0.022403571520133614,0.0107324988795618,-0.013071940961841721,0.0062573964040633714,0.01637279739508357,0.013868159015652835,-0.016292462146944686,0.00399848825805977
2024-09-20 01:00:00-04:00,,,-0.058857822719278974,0.05945661426058065,,,,,,,,,,,,,,,,,,
2024-09-27 00:00:00-04:00,0.003741208771250726,0.002769886225391166,,,-0.007474174838770775,0.005714734311256156,0.012459121350303581,0.008387858792288006,-0.011451347301836612,0.01820149081443206,-0.013982853669558537,0.004753818743794133,0.011781554204477462,0.004917336936727071,0.018923395497322026,0.00614768211358177,0.007035434839785637,0.003516281514139776,0.004873224829232248,0.008618025048297732,-0.008950547539069875,0.007725222907060588
2024-09-27 01:00:00-04:00,,,0.014961101956750378,0.053299459222911405,,,,,,,,,,,,,,,,,,
2024-10-04 00:00:00-04:00,0.004488078572388643,0.006725298038872886,,,0.013543521569979067,0.009128548879815668,0.005220381163036025,0.014121292256563894,0.07066534648037792,0.006587067299964164,-0.007656568245951623,0.005924770525324437,0.005043381068952524,0.0048423244989932454,-0.010584656294863604,0.009592873240399797,-0.022203522806479192,0.005562192531655376,0.0090592015920965,0.0039777862480233775,-0.013822895201759167,0.007085569623951507
2024-10-04 01:00:00-04:00,,,0.1293356158723249,0.08721645670358126,,,,,,,,,,,,,,,,,,
2024-10-11 00:00:00-04:00,0.014493233365143965,0.007603343420140472,,,0.018838854198102828,0.012027997757531645,0.029115420460591457,0.0100611300922938,-0.0074859409934388,0.014241897088525425,0.014771009791880285,0.006648835549445213,0.026550141177579922,0.009273837645610562,-0.0006608775864693772,0.010220764892461263,0.0017177227197833211,0.0072323275260098695,-0.022088029561131872,0.011838897886524593,0.004393974137885115,0.0076858369665055715
2024-10-11 01:00:00-04:00,,,-0.014450922018382717,0.09316970174976237,,,,,,,,,,,,,,,,,,
2024-10-18 00:00:00-04:00,0.005798260381968623,0.006038499870368837,,,0.02210765969647044,0.004788256055239729,-0.005898014239800631,0.013084770139365055,-0.019748312485108,0.015459918591996457,-0.006036520765280495,0.007749704888605084,0.006358970188099722,0.0064158371489770934,0.012843860259856177,0.0024368835700015645,0.007842945731977746,0.004219819055922422,0.03250595543418644,0.010681575854294746,0.032779300806256906,0.007355364076343703
2024-10-18 01:00:00-04:00,,,-0.13566633944879636,0.04219360909005222,,,,,,,,,,,,,,,,,,
2024-10-25 00:00:00-04:00,-0.008238340174062442,0.004279153579073777,,,-0.019141687254906836,0.0050721776199274095,0.0004343040529179998,0.00810021731031404,-0.012865679997631885,0.0028998262604567385,-0.027106671860749443,0.003744317984982794,-0.027648163764272038,0.004005329177086219,0.008740525811739008,0.01815314741858522,-0.01398855749841832,0.0058259810511404175,-0.021426888872233096,0.008775760165652196,-0.0092176341407193,0.011670510085391378
2024-10-25 01:00:00-04:00,,,0.08253456764582312,0.03533881994212552,,,,,,,,,,,,,,,,,,
2024-11-01 00:00:00-04:00,-0.019808466634161692,0.009822142147741028,,,-0.00490710539523842,0.010179636055142074,-0.03462102477635276,0.018518117827370947,0.0019348827280325498,0.0083923181113936,-0.008522797067167298,0.0053199036596773145,-0.01521171728424553,0.0056334858455743386,-0.011364233474913221,0.011519471846788193,-0.0151142050128793,0.004526197630488601,-0.03316421575651951,0.015589248696677448,-0.038686461798056015,0.00922994328020666
2024-11-01 01:00:00-04:00,,,0.1449502073231006,0.07841885991003929,,,,,,,,,,,,,,,,,,
2024-11-08 00:00:00-05:00,0.047288207516707814,0.010104375145927543,,,0.055352906333458574,0.02989216374917626,0.05818316784944644,0.012637707078149337,0.05776846034056993,0.015925028676250844,0.018998388058034665,0.006089162474346574,0.05918761268172146,0.01773560890331377,0.07964855348109134,0.012656321757042666,0.00685176519833175,0.010727809764587417,0.023658589014072362,0.014208085432853002,0.023066171929466694,0.018166238640284414
2024-11-08 01:00:00-05:00,,,-0.336000018649631,0.08195135591351788,,,,,,,,,,,,,,,,,,
2024-11-15 00:00:00-05:00,-0.023440785956070576,0.005674170746585629,,,0.0038244540649701175,0.007103640298216499,-0.03550796795327715,0.010164047446475187,0.010237874436823446,0.005372428602699573,-0.0534534601911999,0.0067726830426833124,-0.026454041274970974,0.009534500684482502,-0.023157905457324768,0.01518189272746481,-0.009292664576972087,0.004556059379274304,0.0007575368978085528,0.009726725843717195,-0.01984033302185484,0.0085072231786433
2024-11-15 01:00:00-05:00,,,0.052837538811061124,0.06670490978360165,,,,,,,,,,,,,,,,,,
2024-11-22 00:00:00-05:00,0.015847299238631596,0.0018606824586473315,,,0.01642945840932364,0.00849038274912939,0.021380759984542586,0.004788295367557589,0.018747484409189497,0.007817726195027823,0.019014772842225414,0.006689692472548386,0.025594937821596053,0.0075267428217416325,0.009675608715475015,0.007442099669057962,0.021212799396596482,0.006531086490514517,0.028668890977682437,0.008598809615323067,0.030380718739195567,0.004132696959170175
2024-11-22 01:00:00-05:00,,,-0.08192774572883177,0.06171877694123436,,,,,,,,,,,,,,,,,,
2024-11-29 00:00:00-05:00,0.005053980174976047,0.004153620869134933,,,0.006469283923721703,0.0023477042514965544,-0.0069255874139212414,0.009910318818859279,-0.017686426007531342,0.010513132941785333,0.017954506560971195,0.002222692608683483,0.004254464332636543,0.0046144861649004484,0.007249643474004364,0.007196798839327558,0.01019659182863486,0.0015321060862944766,0.01010960334094868,0.007640146917250026,0.014427372487906265,0.0074572974032497885
2024-11-29 01:00:00-05:00,,,-0.11293495502639606,0.020010579161482727,,,,,,,,,,,,,,,,,,
2024-12-06 00:00:00-05:00,0.00802693791249176,0.002876455597956189,,,-0.019836542600280005,0.0052455397413937906,0.0296707261854392,0.00859841871673126,-0.046910998187389086,0.01160273039113603,-0.020635372779384764,0.0042974367995326,-0.023210579265682152,0.006155076772935579,0.03988925241072727,0.007760012254706744,-0.009141252634706998,0.003743507787510503,-0.03895323058088218,0.009827619682695575,-0.02189951020107206,0.005618236746993226
2024-12-06 01:00:00-05:00,,,-0.0930397353011897,0.027293317728015527,,,,,,,,,,,,,,,,,,
2024-12-13 00:00:00-05:00,-0.005726519879818759,0.0053765156838951715,,,-0.017842969511882578,0.0061882021875835315,-0.0037091942909741604,0.011004659317153281,-0.027892874859584693,0.003975061127087038,-0.023750299503646266,0.006495197678563333,-0.02247675538317495,0.0029061108090869467,0.005765734750734275,0.009720548021096844,-0.005575584865104233,0.004869146221084627,-0.025724749908569988,0.005371960361184135,-0.023261038417328517,0.007031759403729111
2024-12-13 01:00:00-05:00,,,0.0336826927023568,0.05785644002043999,,,,,,,,,,,,,,,,,,
2024-12-20 00:00:00-05:00,-0.021221736281844872,0.015838038606089306,,,-0.021383919449631472,0.016581408845051954,-0.01420450614663138,0.018509646822177345,-0.05428791016190104,0.0151281998028237,-0.020442916450110316,0.010652520555399222,-0.0273295317999408,0.014877626783184796,-0.03295174513507948,0.022829051665723483,-0.02595333389463861,0.006930333035730433,-0.016471555976131258,0.014717938816286823,-0.048074617145257625,0.02091625649380414
2024-12-20 01:00:00-05:00,,,0.27766184805625316,0.38005806300884437,,,,,,,,,,,,,,,,,,
2024-12-27 00:00:00-05:00,0.006972581020501911,0.009294843031037631,,,0.014357050487669554,0.007799517110745755,0.005248633969935579,0.011240103564627827,0.015004191801850197,0.004544081544446813,0.009811058731754363,0.006043413565433351,0.002030188407625255,0.006243024832665622,0.003713603097680096,0.016553867086820943,0.003162690412814362,0.005915609210878586,0.006216096081055111,0.004184450481676831,0.00820695942721672,0.006510928830284238
2024-12-27 01:00:00-05:00,,,-0.11829741986025433,0.10652833909867093,,,,,,,,,,,,,,,,,,
2025-01-03 00:00:00-05:00,0.006906033176923954,0.009992943383721975,,,0.007046588776537632,0.007297182215715056,0.007349417100941169,0.012772186814772008,0.034291020082962476,0.005957716353504036,0.005863362377799719,0.009193371772859792,0.006903971114519569,0.00871480190988645,-0.0016353154629004107,0.016621788982227194,-0.007978734092889739,0.0063010896540558305,0.01769212238583484,0.006995301745322928,0.010141104219097974,0.01071223970358768
2025-01-03 01:00:00-05:00,,,-0.06275421157229821,0.08032736130280498,,,,,,,,,,,,,,,,,,
2025-01-10 00:00:00-05:00,-0.02646459332261164,0.01004310654708571,,,-0.03032780357079512,0.012062978830702419,-0.04051336418958906,0.016560270524539598,0.005917806512041768,0.006077121179764679,0.0053276458077802236,0.0050651574280993405,-0.015517140704156107,0.006316974339702466,-0.0328486086826133,0.01109417741071283,-0.026523961734716717,0.0068815193532577755,-0.01946026288892644,0.004726628603892588,-0.04111586791782862,0.011883099241784793
2025-01-10 01:00:00-05:00,,,0.16517593214979898,0.06566299080434104,,,,,,,,,,,,,,,,,,
2025-01-17 00:00:00-05:00,0.037879713391810066,0.008196895797750568,,,0.06690733192207565,0.007850280189244298,0.0400266461958978,0.012726038273785854,0.05822730392896358,0.005737596008300864,0.002790011856990793,0.009366097660423841,0.05482808589506383,0.0031455764872326776,0.045997977785784405,0.012487593063625154,0.010994851350355939,0.004345704979121631,0.04423840000343038,0.014111864687924244,0.04983388224832508,0.008663990547135497
2025-01-17 01:00:00-05:00,,,-0.24598677823785486,0.06174891665658776,,,,,,,,,,,,,,,,,,
2025-01-24 00:00:00-05:00,0.012152992387309158,0.0051237918282543305,,,0.00892850824098379,0.005662226306687397,0.018774793735690798,0.013747578950609102,-0.02571487085164914,0.009481734768420139,0.024056080743329655,0.009055145072223656,0.015184208229358287,0.01159008447219629,-0.005534153757769,0.006793778334375509,0.006589970928450706,0.004733157815300961,-0.0030102099847990615,0.016428412946217188,0.007028699735253552,0.015014750896091535
2025-01-24 01:00:00-05:00,,,-0.08839781787151613,0.026782840858000673,,,,,,,,,,,,,,,,,,
2025-01-31 00:00:00-05:00,0.011785154982715929,0.009099155312159588,,,0.01398750221968914,0.007413805907787589,0.00975583131572666,0.027296256217459427,-0.036923143205415454,0.013068544652030669,0.01219842767843371,0.012904006381415074,-0.00417461890222548,0.009150215148467412,0.024761680905399652,0.005906200590941408,0.0036854261655869802,0.016796350141022095,-0.0001283515420684722,0.016735809401201323,-0.0019278630821919496,0.011789812612291157
2025-01-31 01:00:00-05:00,,,-0.12745616719354258,0.11107007916315471,,,,,,,,,,,,,,,,,,
2025-02-07 00:00:00-05:00,0.01366702141065046,0.007107260319432066,,,0.021083748574020955,0.00748869586368288,0.031546314917594076,0.01271531415048722,0.010612850801930529,0.014131617705710704,0.0030826850874310363,0.00733093081716449,0.010299536292929012,0.005413444496154107,-0.006867968042058914,0.013036357417951257,0.011988168565920443,0.006002747087445303,0.01678579024778193,0.0072608200613951115,0.021665006811844245,0.0076695561705026555
2025-02-07 01:00:00-05:00,,,-0.18762276917035203,0.0937862613257308,,,,,,,,,,,,,,,,,,
2025-02-14 00:00:00-05:00,0.009386946611216418,0.005579050313509533,,,-0.0021189889173528487,0.00567310236528685,0.02262840892798157,0.007820345145929263,0.008058178436142205,0.016901893309628675,-0.012278413617713868,0.005356401708510401,-0.004847289009666356,0.005599225473326197,0.002296074757524913,0.009460106193529237,0.013197659184540633,0.008610848280391268,0.009443605143657052,0.005900586266666528,-1.1641066899326091e-07,0.006741472406172481
2025-02-14 01:00:00-05:00,,,-0.10916764018523595,0.025960696215314015,,,,,,,,,,,,,,,,,,
2025-02-21 00:00:00-05:00,-0.017908569708932065,0.00931370376272681,,,-0.02178110736397898,0.010624660159490899,-0.02628411149693799,0.015453344832605891,0.004751341181028934,0.015700756679916678,0.01744018359301558,0.008188330894360444,-0.023040166677826823,0.01277361033844848,-0.037675196392437105,0.01166278289633202,0.02277535004061315,0.006721797133242791,0.01057517569255606,0.004507509716558099,0.006674411832223948,0.0064987486947287315
2025-02-21 01:00:00-05:00,,,0.16955680419994001,0.07386418147405699,,,,,,,,,,,,,,,,,,
2025-02-28 00:00:00-05:00,-0.013022890254968278,0.011472020669608594,,,0.023337944069595773,0.008923031753374075,-0.043472762084480476,0.020482596408854997,-0.0009880125913052096,0.011283676132952326,0.015962936762753177,0.00843525096004941,0.007166037736125119,0.00730933683043927,-0.015544514059646963,0.011390187427808668,0.015027526752916076,0.013494127283876107,-0.01590055586410677,0.013775937912248407,0.020094629141211406,0.005739292063696196
2025-02-28 01:00:00-05:00,,,0.08573004665936002,0.06624313977774578,,,,,,,,,,,,,,,,,,
2025-03-07 00:00:00-05:00,-0.033983061506363654,0.013415540445543018,,,-0.061162141508316115,0.015271484687966796,-0.03595221489730582,0.021899596334931312,-0.042911909676489834,0.01951982749220893,0.0017447405972306207,0.007293811195618156,-0.02093057873812676,0.015794608940168327,-0.05317188914808124,0.016333632323084133,0.002177019168116079,0.009314449211375227,-0.02337638387826102,0.015625995772403378,-0.019168595669876498,0.016033902725753883
2025-03-07 01:00:00-05:00,,,0.17851744473762698,0.1060418369050335,,,,,,,,,,,,,,,,,,
2025-03-14 00:00:00-04:00,-0.008421692563892247,0.018107147714193667,,,0.004762917132687949,0.01671023720249899,-0.0013070211896382133,0.02859107455963114,0.021044238669779114,0.015149290872356839,-0.021536545802731233,0.007898446367595522,-0.010638127871301473,0.014246492829503448,-0.030748062644292973,0.022931928360202813,-0.04193260771145546,0.00978445603051717,0.024019847944179107,0.011407719856937119,-0.023096781105188646,0.014672558261827204
2025-03-14 01:00:00-04:00,,,-0.11862349047260079,0.12424728227708562,,,,,,,,,,,,,,,,,,
2025-03-21 00:00:00-04:00,0.00512900736695876,0.008629861983501526,,,0.023380873503343835,0.007093214043762091,0.0008887312903391731,0.01126511470430376,0.03155303270330334,0.00997174580669221,0.012990641604221809,0.005983753802146051,0.010004657535803707,0.01082289082696435,0.00371089038710104,0.01325483825535284,-0.004017704564624136,0.009566897903332863,-0.001268152314691351,0.00584677032210258,0.0012059954641598924,0.01056062997305651
2025-03-21 01:00:00-04:00,,,-0.15771073828142967,0.054102416077424706,,,,,,,,,,,,,,,,,,
2025-03-28 00:00:00-04:00,-0.026524147825869537,0.014491638386167115,,,-0.011648913865600408,0.013493971633429289,-0.04955330455927798,0.018135065074542826,0.002277216377475355,0.008490195693969294,-0.012976308532902658,0.007512632780490411,-0.024582081851667437,0.01424727138810782,-0.013567058314100322,0.025520838028794204,0.017461788653934107,0.010517299784734662,-0.006624168079876092,0.009390576754723857,-0.0021687113010714354,0.009552850999718107
2025-03-28 01:00:00-04:00,,,0.1317302963050777,0.09440918622427551,,,,,,,,,,,,,,,,,,
2025-04-04 00:00:00-04:00,-0.0810250713388565,0.03262555913910837,,,-0.09277509822443897,0.03830304210151052,-0.10065090579399527,0.03961392022431433,-0.14604803431648816,0.050379907007487366,-0.05918350308831588,0.026144390304044085,-0.08672763762612179,0.03622879906808106,-0.0538330564032542,0.03516718876047392,-0.025704749252124626,0.022713373772300084,-0.0457105430026189,0.026960159961259045,-0.061882957463213484,0.024513282745298702
2025-04-04 01:00:00-04:00,,,0.8793032030798578,0.2528488719889203,,,,,,,,,,,,,,,,,,
2025-04-11 00:00:00-04:00,0.09147769802405326,0.05647376311176083,,,0.089402332840816,0.03902518397322201,0.13388212109532116,0.06946154649286604,0.03516598898880363,0.05349503441857477,0.03917687968264638,0.027415260002655626,0.09611858171929155,0.04482629376291984,0.07887397232762217,0.058722106735586206,0.04895567568585335,0.021869042149324176,0.03992371515660165,0.021715689866325508,0.01618797558120555,0.03584237233558117
2025-04-11 01:00:00-04:00,,,-0.3753533892217453,0.21892307073066825,,,,,,,,,,,,,,,,,,
2025-04-18 00:00:00-04:00,-0.03242350137709937,0.013537314202763736,,,-0.014783483764246541,0.011014702321395488,-0.056919285317513,0.019541493278376707,0.009162979010840067,0.010375354052587814,-0.019680239252963472,0.009991602705924906,-0.014859619338152275,0.010779672202268857,-0.03713325029639192,0.013903553487744656,0.014623875965721345,0.016734883650376505,0.01105051483764452,0.011801392782907994,0.031098583330252838,0.010989796803649785
2025-04-18 01:00:00-04:00,,,-0.14700802502160581,0.11026646888207897,,,,,,,,,,,,,,,,,,
2025-04-25 00:00:00-04:00,0.056566263511281356,0.019722733315092653,,,0.034690853570952696,0.02038663687988971,0.09830884213887736,0.024717611858266087,0.027178696315755424,0.01978848747373256,0.021155354373872504,0.015334389833131122,0.03964866800633282,0.017950407235343892,0.08137689531773451,0.02282281283794973,-0.013424536189183489,0.009718082742076662,0.010204192945005186,0.018197835145623655,0.010471108367464677,0.014669360774524349
2025-04-25 01:00:00-04:00,,,-0.2415267128980797,0.0969450368381671,,,,,,,,,,,,,,,,,,
2025-05-02 00:00:00-04:00,0.027874987212208602,0.005963614905687805,,,0.03193685573110727,0.008557495342485838,0.04039384560304082,0.007722807155262092,-0.0038881321096237986,0.015871816133671994,0.0020977984268482075,0.016159253656344307,0.04139909202932013,0.005526126099988749,0.015425687531779309,0.009074057423699709,0.00803358216864103,0.0074432274732746705,0.019169285193070262,0.0053920485773476514,0.03479759036363861,0.0036184065282302727
2025-05-02 01:00:00-04:00,,,-0.11922328911938718,0.041112988727903324,,,,,,,,,,,,,,,,,,
2025-05-09 00:00:00-04:00,0.0031463722701330354,0.006463114085206756,,,0.010539130009179054,0.006635012620401381,0.013271257707716977,0.008451888109969422,0.01828287889910829,0.012181741957093442,-0.04028942171238603,0.012881460800791585,0.017568921114082814,0.008179720917360874,0.01301247546845552,0.010090411309417867,-0.008212728775347733,0.0026628864052556846,0.00943516211512252,0.007469769025505994,-0.007513369731086517,0.004950143978636713
2025-05-09 01:00:00-04:00,,,-0.09690723222555575,0.047354195169892505,,,,,,,,,,,,,,,,,,
2025-05-16 00:00:00-04:00,0.02189271845257612,0.012820693688012785,,,0.00939148492296904,0.008363734143138258,0.03553323921056739,0.019102028198151055,-2.4517050611905233e-09,0.012887934614161177,0.0015804435368373948,0.025707308927171203,0.024731020802954307,0.012822883798220663,0.021062023206013247,0.02036280676002287,0.013585300288921687,0.013425809314374124,0.019476424726356356,0.012343550784315047,-0.0023747463797217927,0.013513709234145467
2025-05-16 01:00:00-04:00,,,-0.13104840531619588,0.06927685438824543,,,,,,,,,,,,,,,,,,
2025-05-23 00:00:00-04:00,-0.015286501500620941,0.007290979677908927,,,-0.024746655616328495,0.008388216168918924,-0.01992051319725019,0.007894503491150874,-0.032794648357998835,0.008314096103964046,-0.020147343924281746,0.01239588089475175,-0.010955791129869663,0.007687514897290673,-0.016251914406249846,0.009103857468309154,-0.0030543627731701717,0.00671973941043646,-0.005276814033431276,0.012952795221905728,-0.024952053811197472,0.011525847543963954
2025-05-23 01:00:00-04:00,,,0.12348794073067992,0.07409488378690933,,,,,,,,,,,,,,,,,,
2025-05-30 00:00:00-04:00,0.005664918698425225,0.011590782090105911,,,0.01030933137541723,0.010031716689508998,0.002474620288248186,0.013057068822703218,-0.012475812505669204,0.011005470504124747,0.009206471115758896,0.008021863580270105,0.0023159473604199565,0.009755088295794434,0.0036145805791663044,0.017579735383824034,0.011355250250466797,0.007413472289365754,0.0028155197796291276,0.011190345665314783,0.01805308501633407,0.007742792284567517
2025-05-30 01:00:00-04:00,,,-0.09985455888238792,0.07424329420959361,,,,,,,,,,,,,,,,,,
2025-06-06 00:00:00-04:00,0.01936164476916602,0.005887667483703303,,,0.013238435251636371,0.006900317232700635,0.03499781547137326,0.007052697181361486,0.004213875072549111,0.015324495164892387,0.015721949217537556,0.004130871581666444,0.016125553858595598,0.004725691939893866,-0.0047845152115577605,0.014450284561215627,-0.01089717116968425,0.00535944550626341,-0.004658482336007963,0.009078134098281558,0.010861770415774075,0.0027574722513207424
2025-06-06 01:00:00-04:00,,,-0.15345780364129324,0.051625539962021634,,,,,,,,,,,,,,,,,,
2025-06-13 00:00:00-04:00,-0.004535448614379711,0.006697919033192966,,,-0.02687961923445903,0.008870801168750235,-0.0005014165266584714,0.009222904244018577,0.052065982128320254,0.007732179865941098,0.013248901999685536,0.0067988994725394925,-0.018305772861614056,0.003452572795311819,0.0014188265074461803,0.009699526985519836,-0.007356504772643713,0.006823260206369302,0.004564982626639402,0.00749773459591788,0.0015541110009309467,0.007120534018349873
2025-06-13 01:00:00-04:00,,,0.17693606932009875,0.06450771699149005,,,,,,,,,,,,,,,,,,
2025-06-20 00:00:00-04:00,-0.007267071657160451,0.007494243500663935,,,0.0007949364251276236,0.007183192966120434,-0.00029096035200237846,0.010397558809735438,0.012747659440204062,0.00851975751620702,-0.028001792287699057,0.0067693310599416055,-0.007874522574481402,0.006049269042576318,-0.012792257367046256,0.011677133889714867,-0.0017250789441595193,0.0067743690121351416,-0.012710819508149784,0.005521207700722632,-0.004047555769437272,0.0026186203529734923
2025-06-20 01:00:00-04:00,,,0.042467144763802755,0.0980736474675242,,,,,,,,,,,,,,,,,,
2025-06-27 00:00:00-04:00,0.033392768463934575,0.004208083121820782,,,0.03466133810444405,0.00737417827388921,0.04322320562901494,0.006965396705054345,-0.04554105586630586,0.01444457597059234,0.014160202431096724,0.005467286689136098,0.032278461903115785,0.00892205579909081,0.03764359516868532,0.012381939390765317,0.00024837936351951306,0.009184975234297484,0.008556566296688217,0.00990138902781171,-0.010825089083744022,0.014756729480229944
2025-06-27 01:00:00-04:00,,,-0.22836879483791184,0.04330886724088591,,,,,,,,,,,,,,,,,,
2025-07-04 00:00:00-04:00,0.012893157917557518,0.003389353258125264,,,0.019356065305243808,0.004981577777151651,0.015772628288603263,0.010154641012054112,0.02424382880206788,0.009767442613347733,0.011949242197915266,0.010128572697440993,0.01604790973306036,0.003151444416985277,0.012310076057228558,0.00604569696367367,0.020742730577163027,0.005486237120353997,0.011119247396533583,0.007063360395353145,0.015795864185176534,0.0034234628121428256
2025-07-04 01:00:00-04:00,,,-0.04712049727317946,0.018565939327319248,,,,,,,,,,,,,,,,,,
2025-07-11 00:00:00-04:00,0.0004170289887521772,0.005259447674353038,,,-0.018257146666237123,0.007960282302367712,-0.0004687721859872873,0.006217039468336758,0.030404645940797614,0.014174652312166126,-0.0019195289569571283,0.007271956355084197,0.005354725618805789,0.004992451602222402,0.014849371268170097,0.009082074100549608,-0.015712491144928453,0.004984934034774967,0.009674139136023996,0.008096080046604285,-0.0033565214585412617,0.004516474910638024
2025-07-11 01:00:00-04:00,,,-0.08020192435752682,0.06073119716029485,,,,,,,,,,,,,,,,,,
2025-07-18 00:00:00-04:00,0.00709299920883133,0.0039674301420758165,,,0.007478445053999305,0.010946229775630853,0.022216157159235417,0.00488113159388227,-0.03372309141436736,0.00786587837476333,-0.02086887178298613,0.011524952418025614,0.00845601911840932,0.006590268818416267,0.003115469593134801,0.008795118501129972,0.0007422622432273762,0.007243235485584974,0.01650687380724114,0.009420512651328495,0.006737231326687798,0.009095052618943705
2025-07-18 01:00:00-04:00,,,-0.07445006931216902,0.03195008696467131,,,,,,,,,,,,,,,,,,
2025-07-25 00:00:00-04:00,0.01324804935830648,0.0034761312263650737,,,0.016549352115700078,0.0048236976417363265,0.0031012959406109264,0.0059094260953833026,0.01255527485171859,0.010055872826173002,0.0346447814935813,0.012216115956551815,0.020140997308724984,0.00933168198144111,0.008747545882830554,0.010922946396305753,0.006669957405043281,0.004690435791532534,0.00666983146053135,0.007222308388614643,0.017477189703624108,0.0074882944408682026
2025-07-25 01:00:00-04:00,,,-0.11499706209533145,0.03243238781302063,,,,,,,,,,,,,,,,,,
2025-08-01 00:00:00-04:00,-0.024722402014752398,0.006582663986175046,,,-0.0370924925773527,0.006330749238422376,-0.022510278211710588,0.01138440497143518,-0.023836690563635243,0.013636066947485205,-0.03680032465299177,0.012462647041218673,-0.03437160490310964,0.006156932529034606,-0.042748350544222546,0.010663560700174199,-0.011224879753268358,0.00822134113257601,0.01526443177777237,0.008454672286879334,-0.030523587931916785,0.014516286637789986
2025-08-01 01:00:00-04:00,,,0.34521449992905673,0.09559716670670454,,,,,,,,,,,,,,,,,,
2025-08-08 00:00:00-04:00,0.018396319160063568,0.007975048503185322,,,0.004844990415924233,0.009142559298523803,0.024779545214848264,0.010889890996625753,-0.005969058913426917,0.00583740615026831,-0.009361443617829646,0.012721082859686716,0.0037935556245212165,0.004524308860636199,0.027692318998774335,0.00903345832849162,0.030227408765829633,0.005714656453184968,-0.00046394714784936397,0.012634112001348305,-0.0026595341030843933,0.0076637975493334485
2025-08-08 01:00:00-04:00,,,-0.2254601210542334,0.062364268738305556,,,,,,,,,,,,,,,,,,
2025-08-15 00:00:00-04:00,0.009381011539946638,0.005363730097309297,,,0.009622777572610985,0.008405489288114262,-0.00018804836543662162,0.00932516188947223,0.005405380783751967,0.007269846248103165,0.04543723491328566,0.006963420167265618,-0.0027179593542870917,0.007596242411071147,0.020950330347381474,0.007158675147572107,-0.006059081008467304,0.004593870249588491,-0.009027776970888746,0.004512564192375513,0.005840917194921191,0.006549242108514277
2025-08-15 01:00:00-04:00,,,-0.04554081264510579,0.06152610419926561,,,,,,,,,,,,,,,,,,
2025-08-22 00:00:00-04:00,0.003811117893369298,0.008464798323047777,,,0.02252341342605635,0.00749070164980066,-0.011116476860374203,0.011431548514999872,0.03560096646492772,0.009847105262808067,0.012011920584585445,0.005331649096301094,0.017879705173469818,0.007680436538350849,0.01977423083697971,0.015856845852998992,0.004996411793748656,0.007318061706592162,0.0033819659212019904,0.0068072613551269845,0.022211534395244703,0.011889593024550942
2025-08-22 01:00:00-04:00,,,-0.09599487089322845,0.07922173067352475,,,,,,,,,,,,,,,,,,
2025-08-29 00:00:00-04:00,0.0015683235845980192,0.004747996064160212,,,0.009725079994330255,0.004822825102677754,0.00015247473459378824,0.009395636652290974,0.028093671280334576,0.0048687494225329924,-0.005139765643449645,0.008752237275977074,-0.005690819886177367,0.008407508445986908,-0.0022388685600973623,0.005644450695674709,-0.015958077280528116,0.009244138119210986,-0.016676414205695322,0.005543623354285775,0.0004729740312632291,0.004681187091806216
2025-08-29 01:00:00-04:00,,,0.020597970897915818,0.03756425077889775,,,,,,,,,,,,,,,,,,
2025-09-05 00:00:00-04:00,0.015278389773250689,0.007291711226515325,,,-0.011731882145657901,0.011985476933738642,0.01958798616477364,0.007347158745084344,-0.030948393643103866,0.014600714427758772,0.007378195798647846,0.003932213139855088,0.003390548327276033,0.009039883842978824,0.027533739913262467,0.01083913604718279,-0.0006178827213400018,0.0019450631101441307,-0.006309558333133736,0.0009565018175287612,0.005962275129594241,0.01212799103436825
2025-09-05 01:00:00-04:00,,,-0.08828824907109833,0.08236401358163892,,,,,,,,,,,,,,,,,,
2025-09-12 00:00:00-04:00,0.013551876929873474,0.003162990088844251,,,0.013373462041091688,0.008343770986832331,0.025128663280922003,0.007369477546604963,0.010838530049267714,0.00905947397634832,0.004728555563636938,0.01168991919462559,0.002977507011258096,0.007991562489079307,0.00973217764401424,0.01139628751098122,-0.0056944984363003215,0.006740683373352025,0.023706936667253764,0.009781640960239778,0.016562574609072733,0.009011890616684044
2025-09-12 01:00:00-04:00,,,-0.05263155961743826,0.022762279705668485,,,,,,,,,,,,,,,,,,
2025-09-19 00:00:00-04:00,0.00894437749676591,0.0034547001165818134,,,0.006680305649841456,0.004897473245238867,0.028049099707040615,0.00911690353943816,-0.0028162682850413345,0.010993415349615567,-0.0070157314885135325,0.004343993570646528,0.0078325202701639,0.006108877159957123,-0.00433094204681006,0.00564080089663207,-0.011333947585693172,0.007762675073627464,-0.006549027937323704,0.009703673691942326,-0.012971818946282077,0.0029123074101381347
2025-09-19 01:00:00-04:00,,,0.0204755256877589,0.0421042915971475,,,,,,,,,,,,,,,,,,
2025-09-26 00:00:00-04:00,-0.0005738521229348148,0.00535492434234362,,,0.0029795129448588753,0.00464525446527886,0.002480684726036797,0.00923316373910553,0.05179509291923967,0.006814489801084713,-0.005066469116946526,0.009826751849660855,0.00381580152009664,0.0064121243916026955,-0.00452656280762731,0.011847177161829007,-0.007384795318228998,0.007527710949516931,0.02831082020240583,0.009550383876660754,0.007942282481688823,0.008179723645069787
2025-09-26 01:00:00-04:00,,,-0.05266415489089582,0.05558011658369693,,,,,,,,,,,,,,,,,,
2025-10-03 00:00:00-04:00,0.007300314179107703,0.0016036728416631593,,,-0.005921533852755179,0.006614231273986286,0.015261727079007192,0.0054968237821940175,-0.02671039795039465,0.009384597096262446,0.06736449839202407,0.013862835274916371,0.004162056134917158,0.0037646509885785042,-0.012906173360156648,0.006358385693401308,-0.0007683129902342767,0.002914932189374064,0.024662983771291502,0.005625932651420252,0.0038168814193295653,0.0038466228053271705
2025-10-03 01:00:00-04:00,,,0.051136329428004945,0.022206158532121562,,,,,,,,,,,,,,,,,,
2025-10-10 00:00:00-04:00,-0.02769419570763687,0.013086820775538537,,,-0.03282033094284631,0.009226005917074344,-0.03524391113183034,0.02248227631466403,-0.04750195531478951,0.013539440193421227,-0.019254612861653864,0.0065241478456453126,-0.03234142177514154,0.012905612174818197,-0.044685725974575874,0.014786576609378495,0.003082428228720291,0.006621393308648376,0.008610048534483106,0.005974162525596559,-0.03361446429490589,0.003488335679117136
2025-10-10 01:00:00-04:00,,,0.29390681861194,0.14873325961242026,,,,,,,,,,,,,,,,,,
2025-10-17 00:00:00-04:00,0.0056610763583822,0.008283931422278772,,,-0.007040893192322373,0.016214527914898504,0.000983383445696262,0.013649318837487929,0.0012810132390026485,0.009768385573839754,0.010865791232241184,0.0033646130645420074,0.004834408791649425,0.008326879288004869,0.015464552614431692,0.011725359113011218,0.02573009023061612,0.010136460845216865,0.014513599906817554,0.00990878367926771,0.033177742304769,0.006451911559813458
2025-10-17 01:00:00-04:00,,,0.06838045612009802,0.16337181378506932,,,,,,,,,,,,,,,,,,
2025-10-24 00:00:00-04:00,0.014880406052259598,0.006378474459383574,,,0.014323911215763596,0.0075659672612528005,0.024211455376668134,0.010529377536189094,0.022524120553472526,0.010525041877603048,0.016072902442064496,0.004407139495812095,0.015536977057098333,0.010660531178892116,0.009171990072651237,0.008129836492450837,-0.010137736827525945,0.00436930995117129,-0.009537198281496795,0.00784724537082059,0.008560427114769675,0.0052543631989394575
2025-10-24 01:00:00-04:00,,,-0.20263028291655805,0.060712048310367334,,,,,,,,,,,,,,,,,,
2025-10-31 00:00:00-04:00,-0.0009813292653360062,0.008181910713689691,,,-0.018737118606209524,0.008976651820423998,0.01001001124137546,0.011460370061749638,-0.0024901100679426413,0.008030271626967083,-0.012594950948146444,0.005532230903655166,-0.005834478777888119,0.005038861150365789,-0.0008745178412632448,0.019125245603730787,-0.038083280658763985,0.010137078724738582,-0.025057456295231484,0.007375781204570133,-0.04148105739443386,0.01528579955586435
2025-10-31 01:00:00-04:00,,,0.10870953856227383,0.031203648068124284,,,,,,,,,,,,,,,,,,
2025-11-07 00:00:00-05:00,-0.021438902932050086,0.0074039775259401005,,,0.008599215220648881,0.005166728210528963,-0.05073130195131137,0.014078069314699326,0.015768569093448814,0.009655956155094837,0.01436795974314986,0.0014696294241716209,-0.011093203397931961,0.006747732810285957,-0.027020349625866635,0.015757019824915793,0.0077508712112746014,0.008775361253113638,0.007413272730077303,0.007362829391413015,0.019515833114154724,0.006951645426571478
2025-11-07 01:00:00-05:00,,,0.056478432332580875,0.0700270377424478,,,,,,,,,,,,,,,,,,
2025-11-14 00:00:00-05:00,-0.007678241512630746,0.013210422746125106,,,0.0009446294496933128,0.009480994615428479,-0.02291091772063003,0.021234504474391035,0.007909176121396522,0.011916390487473876,0.04767139397140174,0.009987573984418364,-0.012987012987012991,0.009209892938792331,-0.02598766689600651,0.016151866638038796,0.010983215233011157,0.0075382683142076546,-0.014118918134006897,0.007406327974979336,-0.008739907930486401,0.010490941934081812
2025-11-14 01:00:00-05:00,,,0.0764262692209261,0.09283264180609162,,,,,,,,,,,,,,,,,,
